<?xml version="1.0" encoding="UTF-8"?>
<project-private xmlns="http://www.netbeans.org/ns/project-private/1">
    <editor-bookmarks xmlns="http://www.netbeans.org/ns/editor-bookmarks/2" lastBookmarkId="0"/>
    <open-files xmlns="http://www.netbeans.org/ns/projectui-open-files/2">
        <group>
            <file>file:/C:/00__TEMP/StudentAdminApp/src/studentadminapp/FXMLDocumentController.java</file>
            <file>file:/C:/00__TEMP/StudentAdminApp/src/studentadminapp/Student.java</file>
            <file>file:/C:/00__TEMP/StudentAdminApp/src/studentadminapp/StudentAdminApp.java</file>
            <file>file:/C:/00__TEMP/StudentAdminApp/src/studentadminapp/Utility.java</file>
            <file>file:/C:/00__TEMP/StudentAdminApp/src/studentadminapp/FXMLDocument.fxml</file>
            <file>file:/C:/00__TEMP/StudentAdminApp/src/studentadminapp/StudentAddFXMLController.java</file>
            <file>file:/C:/00__TEMP/StudentAdminApp/src/studentadminapp/StudentAddFXML.fxml</file>
        </group>
    </open-files>
</project-private>
